,accuracy,sensitivity,specifity
KNN,0.8801703163017032,0.3237221494102228,0.9820100743583593
DecisionTree,0.9018653690186537,0.5334207077326344,0.9692971935715999
